<?xml version="1.0" encoding="UTF-8"?>
<project-private xmlns="http://www.netbeans.org/ns/project-private/1">
    <editor-bookmarks xmlns="http://www.netbeans.org/ns/editor-bookmarks/2" lastBookmarkId="0"/>
    <open-files xmlns="http://www.netbeans.org/ns/projectui-open-files/2">
        <group>
            <file>file:/C:/Users/Usuário/Downloads/Projeto_Caminho%20_Solidario-20250717T184555Z-1-001/Projeto_Caminho%20_Solidario/Projeto_CaminhoSolidario_/src/projeto_caminho/_solidario/Login.java</file>
            <file>file:/C:/Users/Usuário/Downloads/Projeto_Caminho%20_Solidario-20250717T184555Z-1-001/Projeto_Caminho%20_Solidario/Projeto_CaminhoSolidario_/src/projeto_caminho/_solidario/Cadastro_Usuário.java</file>
            <file>file:/C:/Users/Usuário/Downloads/Projeto_Caminho%20_Solidario-20250717T184555Z-1-001/Projeto_Caminho%20_Solidario/Projeto_CaminhoSolidario_/src/projeto_caminho/_solidario/Menu.java</file>
            <file>file:/C:/Users/Usuário/Downloads/Projeto_Caminho%20_Solidario-20250717T184555Z-1-001/Projeto_Caminho%20_Solidario/Projeto_CaminhoSolidario_/src/projeto_caminho/_solidario/Relatório_Frequência.java</file>
            <file>file:/C:/Users/Usuário/Downloads/Projeto_Caminho%20_Solidario-20250717T184555Z-1-001/Projeto_Caminho%20_Solidario/Projeto_CaminhoSolidario_/src/flatlaf/flatlaf.properties</file>
        </group>
    </open-files>
</project-private>
