<?xml version="1.0" encoding="UTF-8"?>
<project-private xmlns="http://www.netbeans.org/ns/project-private/1">
    <editor-bookmarks xmlns="http://www.netbeans.org/ns/editor-bookmarks/2" lastBookmarkId="0"/>
    <open-files xmlns="http://www.netbeans.org/ns/projectui-open-files/2">
        <group>
            <file>file:/C:/Users/Usuário/Documents/Projeto_Caminho%20_Solidario/Projeto_Caminho%20_Solidario/src/projeto_caminho/_solidario/Menu.java</file>
            <file>file:/C:/Users/Usuário/Documents/Projeto_Caminho%20_Solidario/Projeto_Caminho%20_Solidario/src/projeto_caminho/_solidario/Benefícios_Governamentais.java</file>
            <file>file:/C:/Users/Usuário/Documents/Projeto_Caminho%20_Solidario/Projeto_Caminho%20_Solidario/src/projeto_caminho/_solidario/Cadastro_Beneficiário.java</file>
        </group>
    </open-files>
</project-private>
